"id","Bank_Name","IFSC_Code"
"1","ADITYA BIRLA PAYMENTS BANK","ABPB"
"2","AIRTEL PAYMENTS BANK LIMITED","AIRP"
"3","ALLAHABAD BANK","ALLA"
"4","ANDHRA BANK","ANDB"
"5","AXIS BANK LTD","UTIB"
"6","BANDHAN BANK LIMITED","BDBL"
"7","BANK OF BAHRAIN AND KUWAIT","BBKM"
"8","BANK OF BARODA","BARB"
"9","BANK OF INDIA","BKID"
"10","BANK OF MAHARASHTRA","MAHB"
"11","BASSEIN CATHOLIC COOPERATIVE BANK LIMITED","BACB"
"12","BHARAT COOPERATIVE BANK MUMBAI LIMITED","BCBM"
"13","BHARATIYA MAHILA BANK","BMBL"
"14","CANARA BANK","CNRB"
"15","CATHOLIC SYRIAN BANK LIMITED","CSBK"
"16","CENTRAL BANK OF INDIA","CBIN"
"17","CENTURIAN BANK OF PUNJAB","CENT"
"18","CITI BANK","CITI"
"19","CITY UNION BANK LIMITED","CIUB"
"20","CORPORATION BANK","CORP"
"21","DCB BANK LIMITED","DCBL"
"22","DENA BANK","BKDN"
"23","DEUTSCHE BANK","DEUT"
"24","DEVELOPMENT BANK OF SINGAPORE","DBSS"
"25","DHANALAKSHMI BANK","DLXB"
"26","EQUITAS SMALL FINANCE BANK LIMITED","ESFB"
"27","FEDERAL BANK","FDRL"
"28","G P PARSIK BANK","PJSB"
"29","HDFC BANK LTD","HDFC"
"30","HSBC BANK","HSBC"
"31","ICICI BANK LIMITED","ICIC"
"32","IDBI BANK LTD","IBKL"
"33","IDFC BANK LIMITED","IDFB"
"34","INDIAN BANK","IDIB"
"35","INDIAN OVERSEAS BANK","IOBA"
"36","INDUSIND BANK LTD","INDB"
"37","ING VYSYA BANK LTD","VYSA"
"38","JAMMU AND KASHMIR BANK LIMITED","JAKA"
"39","JANATA SAHAKARI BANK LIMITED","JSBP"
"40","KALUPUR COMMERCIAL COOPERATIVE BANK","KCCB"
"41","KALYAN JANATA SAHAKARI BANK","KJSB"
"42","KARNATAKA BANK LIMITED","KARB"
"43","KARUR VYSYA BANK LTD","KVBL"
"44","KERALA GRAMIN BANK","KLGB"
"45","KOTAK MAHINDRA BANK LTD","KKBK"
"46","LAXMI VILAS BANK LTD","LAVB"
"47","NKGSB COOPERATIVE BANK LIMITED","NKGS"
"48","ORIENTAL BANK OF COMMERCE","ORBC"
"49","PAYTM PAYMENTS BANK LTD","PYTM"
"50","PRATHAMA BANK","PRTH"
"51","PUNJAB AND MAHARASHTRA COOPERATIVE BANK","PMCB"
"52","PUNJAB AND SIND BANK","PSIB"
"53","PUNJAB NATIONAL BANK","PUNB"
"54","RBL Bank Limited","RATN"
"55","SARASWAT COOPERATIVE BANK LIMITED","SRCB"
"56","SOUTH INDIAN BANK","SIBL"
"57","STANDARD CHARTERED BANK LTD.","SCBL"
"58","STATE BANK OF INDIA","SBIN"
"59","SURYODAY SMALL FINANCE BANK LIMITED","SURY"
"60","SYNDICATE BANK","SYNB"
"61","TAMILNAD MERCANTILE BANK LIMITED","TMBL"
"62","THE COSMOS CO OPERATIVE BANK LIMITED","COSB"
"63","THE MEHSANA URBAN COOPERATIVE BANK","MSNU"
"64","THE ROYAL BANK OF SCOTLAND N V","ABNA"
"65","THE SEVA VIKAS COOPERATIVE BANK LIMITED","SVBL"
"66","THE SHAMRAO VITHAL COOPERATIVE BANK","SVCB"
"67","THE TAMIL NADU STATE APEX COOPERATIVE BANK","TNSC"
"68","THE THANE BHARAT SAHAKARI BANK LIMITED","TBSB"
"69","TJSB SAHAKARI BANK LTD","TJSB"
"70","UCO BANK","UCBA"
"71","UJJIVAN SMALL FINANCE BANK LIMITED","UJVN"
"72","UNION BANK OF INDIA","UBIN"
"73","UNITED BANK OF INDIA","UTBI"
"74","VIJAYA BANK","VIJB"
"75","YES BANK LTD","YESB"
"76","ZILA SAHAKRI BANK LIMITED GHAZIABAD","ZSBL"
"77","ABHYUDAYA CO-OPERATIVE BANK","ABHY"
"78","THE AKOLA DISTRICT CENTRAL COOPERATIVE BANK LTD","ADCC"
"79","THE SUTEX CO-OP.BANK LTD.","SUTB"
"80","BIHAR GRAMIN BANK","BGBX"
"81","THE VARACHHA CO-OP BANK LTD","VARA"
"82","KALLAPPANNA AWADE ICHALKARANJI JANATASAHAKARI BANK","KAIJ"
"83","The Adinath Co Op Bank Ltd","TACX"
"84","The Adarsh Co Op Urban Bank Ltd","ACUX"
"85","BNP Paribas","BNPA"
"86","The Utkal Cooperative Banking Society Ltd","UCBS"
"87","RENDAL SAHAKARI BANK LTD RENDAL","REBX"
"88","Lokmangal Co-Op. Bank Ltd. Solapur","LKMX"
"89","The Agrasen Co-operative Urban Bank Ltd","AGCX"
"90","THE MOGA CENTRAL COOPERATIVE BANK LTD","MOGX"
"91","National Urban Cooperative Bank Ltd","NALX"
"92","KONOKLOTA MAHILA URBAN COOP BANK LTD","KOCX"
"93","UNIVERSAL CO-OPERATIVE URBAN BANK LTD","UCUX"
"94","THE RAJPUTANA MAHILA URBAN CO OPERATIVE BAK LTD","RAMX"
"95","ANDHRA PRAGATHI GRAMEENA BANK","APGB"
"96","The Nabadwip Co-operative Credit Bank Ltd","NCCX"
"97","THE MUGBERIA CENTRAL CO-OPERATIVE BANK LTD","MBCX"
"98","The Shillong Cooperative Urban Bank Ltd","TSIX"
"99","Amreli Jilla Madhyastha Sahakari Bank Ltd","AMRX"
"100","DHARMAPURI DISTRICT CENTRAL CO OP BANK LTD","DDBX"
"101","Saurashtra Gramin Bank","SAGX"
"102","Integral Urban Co Op Bank Ltd","IUCB"
"103","Kozhikode District Co Op Bank","KDCX"
"104","The Vijay Co Op Bank Ltd","VIJX"
"105","Zila Sahakari Bank Ltd Haridwar","ZSHX"
"106","The Pochampally Co Op Urban Bank Ltd","PCUX"
"107","Gayatri Co-operative Urban Bank Ltd","GCUX"
"108","Manorama Co Op Bank Ltd Solapur","MSOX"
"109","Nagar Sahakari Bank Ltd. Gorakhpur","NSGX"
"110","Janaseva Sahakari Bank Borivli Ltd","JASB"
"111","The Junagadh Commercial Co-Op Bank Ltd","JUCX"
"112","Sterling Urban Co Operative Bank Ltd","STRX"
"113","The Karnataka State Co-Operative Apex Bank Ltd","KSCB"
"114","Shri Veershaiv Co-Op Bank Ltd","VCCX"
"115","Aman Sahakari Bank Ltd","AMAX"
"116","The Burdwan Central Co op Bank Ltd","BURX"
"117","Meghalaya Rural Bank","MERX"
"118","KHALILABAD NAGAR SAHKARI BANK LTD","KHAX"
"119","TEHRI GARHWAL ZILA SAHKARI BANK LTD","TEHX"
"120","The Salem District Central Co Op Bank Ltd","SCCX"
"121","Tumkur Grain Merchant's Co-operate Bank Ltdz","TGMB"
"122","Bharati Sahakari Bank Ltd. Pune","BHSX"
"123","THE KURMANCHAL NAGAR SAHKARI BANK LTD","KUNS"
"124","THE ANDHRA PRADESH STATE CO OP BANK LTD","APBL"
"125","KASHMIR MERCANTILE CO OPERATIVE BANK LTD","KASX"
"126","SAWAI MADHOPUR URBAN CO OPERATIVE BANK LTD","SWMX"
"127","The Trivandrum Co-operative Urban Bank Ltd","TCUB"
"128","The Eenadu Coop Urban Bank Ltd","TECX"
"129","The Chandigarh State Co-op Bank Ltd","CHSX"
"130","The Citizens Urban Cooperative Bank Ltd.","CURX"
"131","Jharkhand State Co-Operative Bank Ltd","JSCX"
"132","Noida Commercial Co-Operative Bak Ltd","NOIX"
"133","Pune District Central Co-operative Bank Ltd.","PDCX"
"134","Rajadhani Co Op Urban Bank Ltd","RCUX"
"135","SHUSHRUTI SOUHARDA SAHAKARA BANK NIYAMITA","SHUX"
"136","ZILA SAHKARI BANK LTD GARHWAL KOTDWAR","ZSGX"
"137","The Surat District Co-Op Bank","SDCB"
"138","TELANGANA STATE CO OP APEX BANK LTD","TSAB"
"139","Vasai Janata Sahakari Bank Ltd","VJSX"
"140","NAINITAL DISTRICT CO OPERATIVE BANK LTD","NAIX"
"141","COMMERCIAL COOP BANK LIMITED","CMCX"
"142","UTTARKASHI ZILA SAHKARI BANK LTD","UTZX"
"143","The Guruvayur Co-operative Urban Bank Ltd","GCBX"
"144","Laxmibai Mahila Nagrik Sahakari Bank Maradit","LBMX"
"145","SAMATA CO-OPERATIVE DEVELOPMENT BANK LTD","SDBX"
"146","THE KARAN URBAN CO OP BANK LTD","TKUX"
"147","RAMGARHIA CO OP BANK LTD","RGCX"
"148","DURGAPUR STEEL PEOPLES CO OP BANK LTD","DSPX"
"149","FINGROWTH CO OP BANK LTD","FGCB"
"150","Nagrik Sahakari Bank Ltd Lucknow","NSBX"
"151","PALI URBAN CO OPERATIVE BANK LTD","PALX"
"152","Jharneshwar Nagrik Sahakari Bank Maryadit","JHAX"
"153","AMBARNATH JAI HIND CO OP BANK LTD","AJSX"
"154","THE GUJARAT STATE CO OP BANK LTD","GSCB"
"155","The Ludhiana Central Cooperative Bank Ltd","LCCX"
"156","NOBLE CO OP BANK LTD","NOBX"
"157","Mahesh Sahakari Bank Ltd Pune","MHSX"
"158","KARNALA NAGARI SAHAKARI BANK LTD PANVEL","KNPX"
"159","THE NILGIRIS DISTRICT CENTRAL CO OP BANK LTD","NDCX"
"160","SHIVAJI NAGARI SAHAKARI BANK LTD","SVNX"
"161","THE KOTTAYAM DISTRICT CO-OPERATIVE BANK LTD","KTBX"
"162","HE KANAKAMAHALAKSHMI CO OP BANK LTD","KBCX"
"163","GUARDIAN SOUHARDA SAHAKARI BANK NIYAMITA","GSSX"
"164","UTTARBANGA KSHETRIYA GRAMIN BANK","UKGX"
"165","NEW INDIA CO-OP BANK LTD","NICB"
"166","SUCO SOUHARDA SAHAKARI BANK","SSDX"
"167","CHARTERED SAHAKARI BANK NIYAMITHA","CSBX"
"168","HE VELLORE DISTRICT CENTRAL CO OP BANK LTD","VEDX"
"169","RAJDHANI NAGAR SAHKARI BANK LTD","RNSX"
"170","CHAMOLI ZILA SAHKARI BANK LTD","CHAX"
"171","THE BHARATH CO OP BANK LTD","TBCX"
"172","PATHANMTHITTA DISTRICT CO OP BANK LTD","PATX"
"173","PALUS SAHAKARI BANK LTD","PLUX"
"174","THE SOLAPUR SOCIAL URBAN CO OP BANK LTD","SSLX"
"175","SOLAPUR JANATA SAHAKARI BANK LTD","SJSX"
"176","THE BIHAR AWAMI CO OP BANK LTD","BACX"
"177","THE URBAN CO OP BANK LTD SAHARANPUR","TUOX"
"178","THE KRISHNA DISTRICT CO OP BANK","KRDX"
"179","THE PRAKASAM DISTRICT CO OP CENTRAL BANK LTD","TPDX"
"180","THE CHITTOOR DISTRICT CO OP CENTRAL BANK LTD","CHDX"
"181","THE DISTRICT CO OP CENTRAL BANK LTD KURNOOL","DCKX"
"182","THE DISTRICT CENTRAL CO OP BANK LTD ELLURU","DCDX"
"183","THE DISTRICT CO OP CENTRAL BANK LTD VIZIANAGARAM","TVDX"
"184","THE ANANTAPUR DISTRICT CO OP CENTRAL BANK LTD","TADX"
"185","THE DISTRICT CO OP CENTRAL BANK LTD KAKINADA","TDIX"
"186","THE DISTRICT CO OP CENTRAL BANK LTD SRIKAKUL","TSDX"
"187","THE KADAPPA DISTRICT CO OP CENTRAL BANK LTD","KAAX"
"188","SRI POTTI SRIRAMULU NELLORE DCCB","PSRX"
"189","THE DISTRICT CO OP CENTRAL BANK LTD VISAKHAPATNAM","DICX"
"190","THE GUNTUR DISTRICT CO OP CENTRAL BANK LTD","GDCX"
"191","THE INCOME TAX DEPT CO OP BANK LTD MUMBAI","ITDX"
"192","J AND K GRAMEEN BANK","XJKG"
"193","THE SATARA DISTRICT CENTRAL CO OP BANK LTD","SDSX"
"194","UJJIVAN SMALL FINANCE BANK LTD","USFB"
"195","PRAGATHI KRISHNA GRAMIN BANK","PKGB"
"196","AKOLA JANATA COMMERCIAL COOPERATIVE BANK","AKJB"
"197","AUSTRALIA AND NEW ZEALAND BANKING GROUP LIMITED","ANZB"
"198","BANK INTERNASIONAL INDONESIA","IBBK"
"199","CHINATRUST COMMERCIAL BANK LIMITED","CTCB"
"200","COMMONWEALTH BANK OF AUSTRALIA","CTBA"
"201","CREDIT SUISEE AG","CRES"
"202","DEOGIRI NAGARI SAHAKARI BANK LTD. AURANGABAD","DEOB"
"203","DEPOSIT INSURANCE AND CREDIT GUARANTEE CORPORATION","DICG"
"204","DMK JAOLI BANK","DMKJ"
"205","DOHA BANK QSC","DOHB"
"206","EMIRATES NBD BANK P J S C","EBIL"
"207","ESAF SMALL FINANCE BANK LIMITED","ESMF"
"208","EXPORT IMPORT BANK OF INDIA","EIBI"
"209","FINCARE SMALL FINANCE BANK LTD","FSFB"
"210","FINO PAYMENTS BANK","FINO"
"211","FIRSTRAND BANK LIMITED","FIRN"
"212","GURGAON GRAMIN BANK","GGBK"
"213","HIMACHAL PRADESH STATE COOPERATIVE BANK LTD","HPSC"
"214","IDUKKI DISTRICT CO OPERATIVE BANK LTD","IDUK"
"215","INDUSTRIAL AND COMMERCIAL BANK OF CHINA LIMITED","ICBK"
"216","INDUSTRIAL BANK OF KOREA","IBKO"
"217","KAPOL COOPERATIVE BANK LIMITED","KCBL"
"218","KEB Hana Bank","KOEX"
"219","KOZHIKODE DISTRICT COOPERATIAVE BANK LTD","KDCB"
"220","Maharashtra Gramin Bank","MAHG"
"221","NATIONAL AUSTRALIA BANK LIMITED","NATA"
"222","NATIONAL BANK OF ABU DHABI PJSC","NBAD"
"223","NORTH MALABAR GRAMIN BANK","NMGB"
"224","QATAR NATIONAL BANK SAQ","QNBA"
"225","RAJGURUNAGAR SAHAKARI BANK LIMITED","RSBL"
"226","SAMARTH SAHAKARI BANK LTD","SBLS"
"227","SBER BANK","SABR"
"228","SHIKSHAK SAHAKARI BANK LIMITED","SKSB"
"229","SHIVALIK MERCANTILE CO OPERATIVE BANK LTD","SMCB"
"230","SOLAPUR JANATA SAHAKARI BANK LIMITED","SJSB"
"231","State Bank of Hyderabad","SBHY"
"232","State Bank of Bikaner & Jaipur","SBBJ"
"233","State Bank of Mysore","SBMY"
"234","State Bank of Patiala","STBP"
"235","State Bank of Travancore","SBTR"
"236","TEXTILE TRADERS CO OPERATIVE BANK LTD","TTCB"
"237","THE BARAMATI SAHAKARI BANK LTD","BARA"
"238","THE DELHI STATE COOPERATIVE BANK LIMITED","DLSC"
"239","THE HARYANA STATE COOPERATIVE APEX BANK LTD","HARC"
"240","THE KANGRA COOPERATIVE BANK LIMITED","KANG"
"241","THE NAVNIRMAN CO-OPERATIVE BANK LIMITED","NVNM"
"242","THE PANDHARPUR URBAN CO OP. BANK LTD. PANDHARPUR","PUCB"
"243","THE SINDHUDURG DISTRICT CENTRAL COOP BANK LTD","SIDC"
"244","UNITED OVERSEAS BANK LIMITED","UOVB"
"245","WESTPAC BANKING CORPORATION","WPAC"
"246","WOORI BANK","HVBK"
"247","IDFC Bank Limited","IDFC"
"248","AMBARNATH JAIHIND COOP BANK LTD AMBARNATH","AJHC"
"249","AHMEDNAGAR MERCHANTS CO-OP BANK LTD","AMDN"
"250","ANDHRA PRADESH GRAMEENA VIKAS BANK","APGV"
"251","BHAGINI NIVEDITA SAHAKARI BANK LTD PUNE","BNSB"
"252","DURGAPUR STEEL PEOPLES CO-OPERATIVE BANK LTD","DURG"
"253","INDIA POST PAYMENT BANK","IPOS"
"254","Irinjalakuda Town Co-Operative Bank Ltd","ITBL"
"255","JIO PAYMENTS BANK LIMITED","JIOP"
"256","KRUNG THAI BANK PCL","KRTH"
"257","SIR M VISVESVARAYA CO OPERATIVE BANK LTD","MVCB"
"258","NATIONAL BANK FOR AGRICULTURE AND RURAL DEVELOPMENT","NBRD"
"259","NSDL Payments Bank Limited","NSPB"
"260","IDRBT","RBIH"
"261","RESERVE BANK OF INDIA, PAD","RBIS"
"262","RAJARAMBAPU SAHAKARI BANK LIMITED","RRBP"
"263","SMALL INDUSTRIES DEVELOPMENT BANK OF INDIA","SIDB"
"264","Shri Veershaiv Co Op Bank Ltd","SVSH"
"265","VASAI JANATA SAHAKARI BANK LTD","VASJ"
"266","AKHAND ANAND CO.OP BANK LTD.","AACX"
"267","THE AURANGABAD DISTRICT CENTRAL COOP BANK LIMITED","ABCX"
"268","DR. AMBEDKAR NAGRIK SAHAKARI BANK MYDT GWALIOR","ABDX"
"269","THE ANDHRA BANK EMPLOYEES CO OPERATIVE BANK LTD.","ABEX"
"270","THE ABHINAV SAHAKARI BANK LIMITED","ABSB"
"271","THE ASSAM COOPERATIVE APEX BANK LTD.","ACAX"
"272","ADARSH CO-OPERATIVE BANK LTD.","ACBX"
"273","ACE COOPERATIVE BANK LTD.","ACCX"
"274","ANNASAHEB CHOUGULE URBAN CO-OP BANK LTD.","ACKX"
"275","AMARNATH COOP BANK LTD.","ACOX"
"276","THE ARYAPURAM COOPERATIVE URBAN BANK LTD.","ACUB"
"277","THE AHMEDABAD DISTRICT CO-OPERATIVE BANK LTD.","ADBX"
"278","ABU DHABI COMMERCIAL BANK","ADCB"
"279","SHRI ADINATH CO-OP.BANK LTD.","ADCX"
"280","THE ADILABAD DISTRICT CO-OP CENTRAL BANK LTD.","ADDX"
"281","AGRA DISTRICT CO OPERATIVE BANK LTD.","AGDX"
"282","AGROHA COOPERATIVE URBAN BANK LTD.","AGRX"
"283","AGARTALA COOPERATIVE URBAN BANK LIMITED","AGUX"
"284","ASSAM GRAMIN VIKASH BANK","AGVX"
"285","THE AKOLA JANATA COMMERCIAL CO-OPERATIVE BANK LTD.","AJKB"
"286","AJANTHA URBAN CO-OP BANK LTD.","AJNX"
"287","THE AJARA URBAN CO-OP BANK LTD. BOM","AJUX"
"288","THE AKOLA URBAN CO OPERATIVE BANK LTD.","AKOX"
"289","ALAVI CO OPERATIVE BANK LTD.","ALAX"
"290","ALIGARH DISTRICT CO OPERATIVE BANK LTD.","ALIX"
"291","ALLAHABAD DISTRICT CO OPERATIVE BANK LTD.","ALLX"
"292","THE AHMEDABAD MERCANTILE CO-OP BANK LTD.","AMCB"
"293","THE AMRITSAR CENTRAL COOPERATIVE BANK LIMITED.","AMCX"
"294","ASTHA MAHILA NAGRIK SAHAKARI BANK MARYADIT","AMNX"
"295","ANDARSUL URBAN COOP BANK LTD. ANDARSUL","ANDX"
"296","THE AHMEDNAGAR MERCHANT'S CO-OP BANK LTD.","ANMX"
"297","ANDAMAN & NICOBAR STATE COOPERATIVE BANK LTD.","ANSX"
"298","THE ALAPPUZHA DISTRICT CO OPERATIVE BANK LTD.","APCX"
"299","ANDHRA PRADESH GRAMEENA VIKAS BANK","APGX"
"300","AP MAHESH COOPERATIVE BANK","APMC"
"301","APANI SAHAKARI BANK LTD.","APNX"
"302","ARUNACHAL PRADESH RURAL BANK","APRX"
"303","ADARNIYA P.D. PATILSAHEB SAHAKARI BANK LTD.","APSX"
"304","GRAMIN BANK OF ARYAVART","ARYX"
"305","APNA SAHAKARI BANK LTD.","ASBL"
"306","AHMEDNAGAR SHAHAR SAHAKARI BANK MARYADIT","ASBX"
"307","THE ASHTA PEOPLE'S CO-OP BANK LTD. ASHTA","ASHX"
"308","ARVIND SAHAKARI BANK LTD.","ASKX"
"309","THE ASSOCIATE CO OPERATIVE BANK LTD.","ASOX"
"310","ASHOK SAHAKARI BANK LTD.","ASSX"
"311","ALMORA URBAN CO-OPERATIVE BANK LTD.","AUCB"
"312","THE AJARA URBAN CO-OP. BANK LTD.","AUCX"
"313","THE AMRAVATI DISTRICT CENTRAL CO OP BANK LTD.","AVDX"
"314","THE ALWAYE URBAN COOPERATIVE BANK LTD.","AWCX"
"315","BANKURA DISTRICT CENTRAL COOPERATIVE BANK LTD.","BADX"
"316","BALASINOR NAGARIK SAHAKARI BANK LTD.","BALX"
"317","BANARAS MERCHANTILE CO OPERATIVE BANK LTD.","BANX"
"318","BARCLAYS BANK PLC","BARC"
"319","THE BARODA CITY CO OPERATIVE BANK LTD.","BARX"
"320","SHRI BASAVESHWAR SAHAKARI BANK NYT.BAGALKOT","BASX"
"321","THE BAVLA NAGRIK SAHAKARI BANK LTD.","BAVX"
"322","BHINGAR URBAN CO-OPERATIVE BANK LTD.","BBLX"
"323","THE BANGALORE BANGALORE RURAL&RAMANAGARA DCCB LTD.","BBRX"
"324","THE BANTRA CO-OPERATIVE BANK LTD.","BCBX"
"325","THE BANGALORE CITY CO-OPERATIVE BANK LIMITED","BCCB"
"326","THE BATHINDA CENTRAL CO-OPERATIVE BANK LTD.","BCCX"
"327","THE BANSWARA CENTRAL CO OPERATIVE BANK LTD.","BCEX"
"328","BANK OF CEYLON","BCEY"
"329","THE BICHOLIM URBAN CO-OPERATIVE BANK LTD.","BCUB"
"330","BANDA URBAN CO OPERATIVE BANK LTD.","BDUX"
"331","BALAGERIA CENTRAL COOP BANK LTD.","BGCX"
"332","BARODA GUJARAT GRAMIN BANK","BGGX"
"333","BANGIYA GRAMIN VIKASH BANK","BGVX"
"334","THE BHAGYODAYA CO OPERATIVE BANK LTD.","BHAX"
"335","BHADOHI URBAN CO OPERATIVE BANK LTD. GYANPUR","BHDX"
"336","BHEL EMPLOYEES COOPERATIVE BANK LTD.","BHEX"
"337","THE BHUJ MERCENTILE COOP BANK LTD.","BHJX"
"338","BRAHMADEODADA MANE SAHAKARI BANK LTD. SOLAPUR","BHMX"
"339","BHOPAL CO OPERATIVE CENTRAL BANK LTD.","BHOX"
"340","BHILWARA URBAN CO-OPERATIVE BANK LTD.","BHUX"
"341","THE BIJNOR URBAN CO OPERATIVE BANK LTD.","BJUX"
"342","THE BANASKANTHA DIST CENTRAL COOP BANK LTD.","BKDX"
"343","BOMBAY MERCANTILE CO-OPERATIVE BANK LTD.","BMCB"
"344","THE BARMER CENTRAL COOPERATIVE BANK LTD.","BMCX"
"345","THE BANASKANTHA MERCANTILE CO-OPERATIVE BANK LTD.","BMPX"
"346","THE BHAGYALAKSHMI MAHILA SAHAKARI BANK LTD.","BMSX"
"347","BHATPARA NAIHATI CO OPERATIVE BANK LTD.","BNCX"
"348","BHAGINI NIVEDITA SAHAKARI BANK LTD.","BNSX"
"349","BANK OF AMERICA","BOFA"
"350","THE BORAL UNION CO OPERATIVE BANK LTD.","BORX"
"351","THE BANK OF TOKYO MITSUBISHI UFJ","BOTM"
"352","THE BHADGAON PEOPLE'S CO-OP BANK LTD.","BPCX"
"353","THE BHAVANA RISHI COOP. URBAN BANK LIMITED","BRCX"
"354","THE BARODA CENTRAL CO-OPERATIVE BANK LTD.","BRDX"
"355","BARODA RAJASTHAN KSHETRIYA GRAMIN BANK","BRGX"
"356","BRAMHAPURI URBAN CO OPERATIVE BANK LTD.","BRMX"
"357","THE BARAMATI SAHAKARI BANK LTD.","BSBX"
"358","THE BAIDYABATI SHEORAPHULI CO OPERATIVE BANK LTD.","BSCX"
"359","BALITIKURI CO-OPERATIVE BANK LTD.","BTCX"
"360","BALOTRA URBAN CO-OPERATIVE BANK LTD.","BTUX"
"361","BEAWAR URBAN CO-OPERATIVE BANK LTD.","BUCX"
"362","BARODA UTTAR PRADESH GRAMIN BANK","BUGX"
"363","THE BUNDI CENTRAL COOP BANK LTD.","BUNX"
"364","THE BUSINESS CO-OPERATIVE BANK LTD.","BUSX"
"365","BADAUN ZILA SAHAKARI BANK LTD. BUDAUN","BUZX"
"366","BHAVNAGAR DISTRICT CO OP BANK LTD.","BVNX"
"367","BHAVANI SAHAKARI BANK LTD.","BVSX"
"368","THE CALICUT CO-OPERATIVE URBAN BANK LTD.","CALX"
"369","THE CENTRAL COOPERATIVE BANK LTD. BHILWARA","CBHX"
"370","CITIZEN CREDIT CO-OPERATIVE BANK LTD.","CCBL"
"371","THE CITIZEN COOPERATIVE BANK LIMITED","CCBX"
"372","CHENNAI CENTRAL CO-OPERATIVE BANK LTD.","CCCX"
"373","THE CHENGELPATTU CO-OP URBAN BANK LTD.","CCUX"
"374","THE CUDDALORE DISTRICT CENTRAL COOPERATIVE BANK","CDCX"
"375","THE CENTRAL COOP BANK LTD. BIKANER","CEBX"
"376","CHHATTISGARH GRAMIN BANK","CGBX"
"377","CHAITANYA GODAVARI GRAMEENA BANK","CGGX"
"378","J.P.MORGAN CHASE BANK N.A","CHAS"
"379","THE CHAMBA URBAN COOPERATIVE BANK LTD. CHAMBA","CHBX"
"380","THE CHURU CENTRAL COOPERATIVE BANK LTD.","CHCX"
"381","THE CHIKHLI URBAN CO-OP BANK LTD.","CHIX"
"382","CHITTORGARH KENDRIYA SAHAKARI BANK LTD.","CHKX"
"383","CHERPALCHERI COOP URBAN BANK LTD.","CHRX"
"384","THE CHITNAVISPURA SAHAKARI BANK LTD.","CHTX"
"385","THE CITIZENS' CO-OPERATIVE BANK LTD. JAMMU","CJAX"
"386","CAPITAL SMALL FINANCE BANK LTD","CLBL"
"387","COLOUR MERCHANT'S CO-OPERATIVE BANK LTD.","CMCB"
"388","THE COIMBATORE DISTRICT CENTRAL CO-OP BANK LIMITED","CMDX"
"389","THE COMMERCIAL CO-OPERATIVE BANK LTD.","CMLX"
"390","THE CHEMBUR NAGARIK SAHAKARI BANK","CNSX"
"391","THE CO OPERATIVE CITY BANK LTD.","COCX"
"392","COASTAL LOCAL AREA BANK LTD.","COLX"
"393","THE COOP BANK OF MEHSANA LTD.","COMX"
"394","CREDIT AGRICOLE CORPORATE & INVESTMENT BANK","CRLY"
"395","CHHATTISGARH RAJYA SAHAKARI BANK MYDT","CRSX"
"396","SHRI CHHATRAPATI RAJARSHI SHAHU URBAN CO-OP BANK","CRUB"
"397","CITIZENS CO-OPERATIVE BANK LTD.","CTBX"
"398","THE CHIPLUN URBAN COOPERATIVE BANK LTD.","CUCX"
"399","CITIZEN CO OPERATIVE BANK LTD.","CZCX"
"400","CHURU ZILA URBAN CO OPERATIVE BANK LTD.","CZUX"
"401","THE DAHOD MERCANTILE CO OPERATIVE BANK LTD.","DAHX"
"402","DR BABASAHEB AMBEDKAR SAHAKARI BANK LTD. NASIK","DBAX"
"403","DINDIGUL CENTRAL CO-OPERATIVE BANK LTD.","DCBX"
"404","THE DISTRICT COOPERATIVE CENTRAL BANK MAHABUBNAGAR","DCCX"
"405","THE DISTRICT CENTRAL COOPEARATIVE BANK LTD. KHAMMAM","DCEX"
"406","DISTRICT COOPERATIVE BANK LTD. MAINPURI","DCMX"
"407","DISTRICT CO OPERATIVE BANK LTD. PILIBHIT","DCPX"
"408","DISTRICT COOPERATIVE BANK LTD. SHAHJAHANPUR","DCSX"
"409","DISTRICT CO OPERATIVE BANK LTD. TELIYABAGH","DCTX"
"410","DARJEELING DISTRICT CENTRAL CO OPERATIVE BANK LTD.","DDCX"
"411","THE DAKSHIN DINAJPUR DISTRICT CENTRAL CO-OP BANK","DDDX"
"412","DISTRICT CO OPERATIVE BANK LTD. DEHRADUN","DDHX"
"413","DELHI NAGRIK SEHKARI BANK LTD.","DENS"
"414","DEOGIRI NAGARI SAHAKARI BANK LTD. AURANGABAD","DEOX"
"415","DEVELOPMENT CO OPERATIVE BANK LTD. KANPUR","DEVX"
"416","TELANGANA GRAMEENA BANK","DGBX"
"417","THE DHANBAD CENTRAL COOPERATIVE BANK LTD.","DHBX"
"418","DISTRICT CO OPERATIVE BANK LTD. BARABANKI","DIBX"
"419","THE DECCAN MERCHANTS CO-OPERATIVE BANK LTD.","DMCB"
"420","DMK JAOLI BANK","DMKB"
"421","DOMBIVILI NAGARI SAHAKARI BANK LTD.","DNSB"
"422","DEENDAYAL NAGARI SAHAKARI BANK LTD.","DNSX"
"423","THE DELHI STATE COOPERATIVE BANK LIMITED","DSCB"
"424","DISTRICT CO OPERATIVE BANK LTD. SAHARANPUR","DSHX"
"425","DISTRICT CO-OPERATIVE BANK LTD.RAEBARELI","DTCX"
"426","THE DUNGARPUR CENTRAL CO OPERATIVE BANK LTD.","DUNX"
"427","EXCELLENT CO-OPERATIVE BANK LTD.","ECBL"
"428","ELLAQUAI DEHATI BANK","EDBX"
"429","THE ERODE DISTRICT CENTRAL CO-OPERATIVE BANK LTD.","EDCX"
"430","THE ERNAKULAM DISTRICT CO-OPERATIVE BANK LTD.","EDSX"
"431","THE FAZILKA CENTRAL COOP. BANK LTD.","FCBX"
"432","THE FARIDKOT CENTRAL COOPERATIVE BANK LTD.","FCCX"
"433","FEROKE CO-OPERATIVE BANK LTD.","FEKX"
"434","THE FINANCIAL CO OPERATIVE BANK LTD.","FINX"
"435","THE FARIDABAD CENTRAL CO-OPERATIVE BANK LTD.","FRIX"
"436","THE FATEHGRAH SAHIB CENTRAL COOPERATIVE BANK","FSCX"
"437","THE FEROZEPUR CENTRAL COOP. BANK LTD.","FZCX"
"438","GUJARAT AMBUJA CO OPERATIVE BANK LTD.","GACX"
"439","THE GADHINGLAJ URBAN CO-OP BANK LTD.","GADX"
"440","THE GANDHIDHAM CO OPERATIVE BANK LTD.","GANX"
"441","THE GREATER BOMBAY CO-OPERATIVE BANK LIMITED","GBCB"
"442","THE GURDASPUR CENTRAL COOPERATIVE BANK LTD.","GCCX"
"443","THE GAUHATI CO-OPERATIVE URBAN BANK LTD.","GCUL"
"444","THE GADCHIROLI DISTRICT CENTRAL COOPERATIVE BANK","GDCB"
"445","THE GODHRA URBAN COOP BANK LTD.","GDUX"
"446","THE GHATAL PEOPLES' COOPERATIVE BANK LTD.","GHPX"
"447","THE GOZARIA NAGRIK SAHAKARI BANK LTD.","GNSX"
"448","GODAVARI URBAN CO-OPERATIVE BANK LTD. NASHIK","GODX"
"449","GONDAL NAGARIK SAHAKARI BANK LTD.","GOSX"
"450","THE GANDEVI PEOPLE'S CO-OPERATIVE BANK LIMITED","GPCX"
"451","THE GRAIN MERCHANTS' CO-OPERATIVE BANK LTD.","GRAX"
"452","THE GOA STATE CO-OPERATIVE BANK LTD.","GSBL"
"453","GANDHIBAG SAHAKARI BANK LTD. NAGPUR","GSBX"
"454","GEORGE TOWN CO-OPERATIVE BANK LTD.","GTCX"
"455","THE GOA URBAN CO-OPERATIVE BANK LTD.","GUCX"
"456","THE GURGAON CENTRAL COOP BANK LTD.","GUOX"
"457","HAMIRPUR DISTRICT CO OPERATIVE BANK LTD.","HAMX"
"458","HANUMANGARH KENDRIYA SAHAKARI BANK LTD.","HANX"
"459","THE HINDUSTHAN CO-OPERATIVE BANK LTD.","HCBL"
"460","THE HASTI CO-OP. BANK LTD.","HCBX"
"461","THE HYDERABAD DISTRICT COOPERATIVE BANK LTD.","HDCX"
"462","SARVA HARYANA GRAMIN BANK","HGBX"
"463","THE HISAR CENTRAL CO-OPERATIVE BANK LTD. HISAR","HISX"
"464","HIMACHAL GRAMIN BANK","HMBX"
"465","THE HOSHIARPUR CENTRAL CO-OPERATIVE BANK LTD.","HOCX"
"466","HOOGHLY DISTRICT CENTRAL CO-OPERATIVE BANK LTD.","HOOX"
"467","SHREE PARSWANATH CO-OPERATIVE BANK LTD.","HPCX"
"468","THE HIMACHAL PRADESH STATE CO-OPERATIVE BANK LTD.","HPSX"
"469","THE HARYANA STATE CO-OPERATIVE APEX BANK LTD.","HSCX"
"470","THE HASSAN DISTRICT CO-OPERATIVE CENTRAL BANK LTD.","HSDX"
"471","HUTATMA SAHAKARI BANK LTD.","HUTX"
"472","THE INDUSTRIAL CO-OPERATIVE BANK LTD.","ICBL"
"473","THE ICHALKARANJI MERCHANTS COOP BANK","ICHX"
"474","INDORE CLOTH MARKET CO-OP BANK LTD.","ICMX"
"475","IDUKKI DISTRICT CO OPERATIVE BANK LTD.","IDUX"
"476","THE IMPHAL URBAN CO OPERATIVE BANK","IMPX"
"477","INDEPENDENCE CO-OP. BANK LTD. NASIK","INDX"
"478","INDORE PREMIER CO-OPERATIVE BANK LTD. INDORE","IPCX"
"479","INDORE PARASPAR SAHAKARI BANK LTD.","IPSX"
"480","INDRAPRASTHA SEHKARI BANK LTD.","ISBX"
"481","IRINJALAKUDA TOWN CO-OPERATIVE BANK LTD.","ITCX"
"482","JAIN CO-OPERATIVE BANK LIMITED","JACX"
"483","THE JANALAXMI CO-OPERATIVE BANK LTD.","JALX"
"484","JAMIA CO-OPERATIVE BANK LTD.","JAMX"
"485","JANASEVA SAHAKARI BANK LTD. PUNE","JANA"
"486","THE JANATA CO-OPERATIVE BANK LTD.","JANX"
"487","JANATHA SEVA COOPERATIVE BANK LTD.","JASX"
"488","JANATA CO-OP. BANK LTD. MALEGAON.","JCBX"
"489","THE JAIPUR CENTRAL CO-OPERATIVE BANK LTD.","JCCB"
"490","THE JALANDHAR CENTRAL COOPERATIVE BANK LIMITED","JCCX"
"491","THE JAMNAGAR DISTRICT COOP BANK LTD.","JCDX"
"492","JAGRUTI CO-OPERATIVE URBAN BANK LTD.","JCUX"
"493","JALAUN DISTRICT CO-OPERATIVE BANK LTD.","JDCX"
"494","JILA SAHAKARI BANK MYDT. GWALIOR","JGWX"
"495","JHUNJHUNU KENDDRIYA SAHAKARI BAK LTD.","JHUX"
"496","JALGAON JANATA SAHKARI BANK LTD.","JJSB"
"497","JANAKALYAN COOP BANK LTD. NASHIK","JKCX"
"498","JILA SAHAKARI KEND.BANK","JKDX"
"499","JHALAWAR KENDRIYA SAHKARI BANK LTD.","JKEX"
"500","THE J&K STATE CO-OPERATIVE BANK LTD.","JKSX"
"501","JALNA MERCHANTS CO-OP BANK LTD.","JMCX"
"502","JAMSHEDPUR URBAN CO-OPERATIVE BANK LTD.","JMHX"
"503","THE JAMMU CENTRAL CO-OPERATIVE BANK LTD.","JMMX"
"504","THE JAMNAGAR PEOPLES COOPERATIVE BANK LTD.","JMPX"
"505","JIJAMATA MAHILA SAHAKARI BANK LTD.","JMSX"
"506","THE JODHPUR CENTRAL CO OPERATIVE BANK LTD.","JODX"
"507","JODHPUR NAGRIK SAHAKARI BANK LIMITED","JONX"
"508","THE JOWAI COOPERATIVE URBAN BANK LTD.","JOWX"
"509","THE JALGAON PEOPLES CO OP BANK LTD.","JPCB"
"510","THE JALPAIGURI CENTRAL CO-OPERATIVE BANK LTD.","JPCX"
"511","THE JAIN SAHAKARI BANK LTD.","JSAB"
"512","JANATA SAHAKARI BANK LTD. AJARA","JSAX"
"513","JANAKALYAN SAHAKARI BANK","JSBL"
"514","JANASEVA CO-OPERATIVE BANK LTD. NASHIK","JSBX"
"515","JILA SAHAKARI KENDRIYA BANK MARYADIT RAIPUR","JSKX"
"516","JANSEWA URBAN CO-OP BANK LTD.","JSWX"
"517","JAYSINGPUR UDGAON SAHAKARI BANK LTD. JAYSINGPUR","JUSX"
"518","JIVAN COMMERCIAL CO OPERATIVE BANK LTD.","JVCX"
"519","THE KANGRA CENTRAL CO-OPERATIVE BANK LTD.","KACE"
"520","THE KASARAGOD DISTRICT CO-OPERATIVE BANK LTD.","KADX"
"521","THE KALNA TOWN CREDIT COOPERATIVE BANK LTD.","KALX"
"522","KAMALA COOP BANK LTD. SOLAPUR","KAMX"
"523","THE KAIRA DIST CENTRAL CO OPERATIVE BANK LTD.","KARX"
"524","THE KANYAKUMARI DISTRICT CENTRAL COOPERATIVE BANK","KAYX"
"525","KRISHNA BHIMA SAMRUDDHI LOCAL AREA BANK","KBSX"
"526","KANCHEEPURAM CENTRAL COOPERATIVE BANK","KCCX"
"527","THE KOTA CENTRAL COOP BANK LTD. KOTA","KCEX"
"528","THE KANGRA CO-OPERATIVE BANK LTD.","KCOB"
"529","THE KHATTRI COOPERATIVE URBAN BANK LIMITED","KCUB"
"530","THE KANNUR CO-OP URBAN BANK LTD.","KCUX"
"531","THE KARIMNAGAR DISTRICT COOPERATIVE CENTRAL BANK","KDBX"
"532","SHREE KADI NAGARIK SAHAKARI BANK LTD.","KDIX"
"533","KASHI GOMTI SAMYUT GRAMIN BANK","KGSX"
"534","KANKARIA MAINAGAR NAGRIK SAHAKARI BANK LTD.","KKMX"
"535","THE KOLLAM DISTRICT CO-OP BANK LTD.","KLMX"
"536","KOKAN MERCANTILE CO-OPERATIVE BANK LTD.","KMCB"
"537","KRISHNA MERCANTILE CO-OP BANK LTD.","KMCX"
"538","KOLHAPUR MAHILA SAHAKARI BANK LTD.","KMSX"
"539","KURLA NAGARIK SAHAKARI BANK LTD.","KNSB"
"540","THE KODUNGALLUR TOWN CO-OPERATIVE BANK LTD.","KODX"
"541","THE KOYLANCHAL URBAN CO-OPERATIVE BANK LTD.","KOYX"
"542","KOLHAPUR DIST.CENTRAL CO-OP BANK LTD. KOLHAPUR","KPCX"
"543","THE KRISHNAGAR CITY CO OPERATIVE BANK LTD.","KRIX"
"544","KARAMANA COOPERATIVE URBAN BANK LTD.","KRMX"
"545","THE KARNAVATI CO.OP. BANK LTD.","KRNX"
"546","KERALA STATE CO-OPERATIVE BANK LTD.","KSCX"
"547","KASHIPUR URBAN CO OPERATIVE BANK LTD.","KSUX"
"548","THE KAPURTHALA CENTRAL COOPERATIVE BANK LTD.","KTCX"
"549","THE KARAD URBAN CO-OP BANK LTD.","KUCB"
"550","THE KOLHAPUR URBAN CO-OP BANK LTD.","KUCX"
"551","THE KUKARWADA NAGARIK SAHAKARI BANK LTD.","KUKX"
"552","THE KUMBAKONAM CENTRAL CO-OPERATIVE BANK LTD.","KUMX"
"553","KAVITA URBAN COOP BANK LTD.","KVCX"
"554","KARNATAKA VIKAS GRAMEENA BANK","KVGB"
"555","THE LAXMI CO-OPERATIVE BANK LTD. SOLAPUR","LACX"
"556","THE LATUR URBAN COOP BANK LTD. LATUR","LATX"
"557","THE LATUR DISTRICT CENTRAL CO OP BANK LTD.","LDCX"
"558","LILUAH CO-OPERATIVE BANK LTD.","LICB"
"559","THE LITTLE KANCHEEPURAM CO-OP URBAN BANK LTD.","LKCX"
"560","LAXMI MAHILA NAGRIK SAHAKARI BANK MARYADIT","LMNX"
"561","LOKVIKAS NAGARI SAHAKARI BANK LTD. AURANGABAD","LOKX"
"562","LUCKNOW URBAN CO-OPERATIVE BANK LTD.","LUCX"
"563","THE MALLESHWARAM CO-OP BANK LTD.","MABL"
"564","THE MAHABHAIRAB COOP URBAN BANK LTD.","MACX"
"565","MADHYANCHAL GRAMIN BANK","MADX"
"566","SHREE MAHALAXMI URBAN CO-OP CREDIT BANK LTD.","MAHX"
"567","THE MAKARPURA INDUSTRIAL ESTATE COOP BANK LTD.","MAKX"
"568","MALVIYA URBAN CO OPERATIVE BANK LTD.","MALX"
"569","THE MANSA NAGARIK SAHAKARI BANK LTD.","MANX"
"570","MAHESH URBAN CO-OPERATIVE BANK LTD. SOLAPUR","MASX"
"571","MANTHA URBAN CO OP BANK LTD.","MAUX"
"572","SHREE MAHAVIR SAHAKARI BANK LTD.","MAVX"
"573","MADYA BIHAR GRAMIN BANK erstwhile Dakshin Bihar Gramin Bank","MBGX"
"574","THE MAHANAGAR CO-OP. BANK LTD.","MCBL"
"575","THE MUKTSAR CENTRAL CO-OPERATED BANK LTD.","MCCX"
"576","MUZAFFARNAGAR DISTRICT COOPERATIVE BANK LTD.","MCDX"
"577","THE MATTANCHERRY SARVAJANIK COOP BANK LTD.","MCSX"
"578","MAHAVEER CO-OPERATIVE URBAN BANK LIMITED","MCUX"
"579","MUMBAI DISTRICT CENTRAL CO-OP BANK LTD.","MDCB"
"580","THE MADURAI DISTRICT CENTRAL COOPERATIVE BANK LTD.","MDCX"
"581","MODEL CO-OPERATIVE BANK LTD.","MDEX"
"582","RAJASTHAN MARUDHARA GRAMIN BANK","MDGX"
"583","THE DISTRICT CO-OPERATIVE CENTRAL BANK LTD.MEDAK","MEDX"
"584","MAHARASHTRA GRAMIN BANK","MGBX"
"585","THE MOGAVEERA CO-OPERATIVE BANK LTD.","MGCB"
"586","MANSING CO-OPERATIVE BANK LTD.","MGCX"
"587","MANGALDAI NAGAR SAMABAI BANK LTD.","MGSX"
"588","MIZUHO BANK LTD.","MHCB"
"589","MAHOBA URBAN COOPERATIVE BANK LTD. MAHOBA","MHCX"
"590","MAHILA CO-OPERATIVE BAK LTD.","MHLX"
"591","SHRI MAHALAXMI CO-OP BAK LTD. KOLHAPUR","MHMX"
"592","MAHANAGAR NAGRIK SAHAKARI BANK MARYADIT","MHNX"
"593","THE MIZORAM COOPERATIVE APEX BANK LTD.","MIZX"
"594","THE MALKAPUR URBAN CO-OP BANK LTD.","MKUX"
"595","MALDA DISTRICT CENTRAL COOPERATIVE BANK LTD.","MLDX"
"596","THE MATTANCHERRY MAHAJANIK CO-OP URBAN BANK LTD.","MMCX"
"597","THE MANSA CENTRAL CO-OPERATIVE BANK LTD.","MNCX"
"598","THE MEHSANA NAGARIK SAHAKARI BANK LTD.","MNSX"
"599","THE MOIRANG PRIMARY CO-OPERATIVE BANK LTD.","MPCX"
"600","THE MALAPPURAM DISTRICT CO-OPERATIVE BANK LIMITED","MPDX"
"601","MADHTYA PRADESH RAJYA SAHAKARI BANK MARYADIT","MPRX"
"602","MANIPUR RURAL BANK","MRBX"
"603","MARATHA COOPERATIVE BANK LTD.","MRTX"
"604","MANSAROVAR URBAN CO-OPERATIVE BANK LTD.","MSAX"
"605","THE MALAD SAHAKARI BANK LTD.","MSBL"
"606","M.S.CO-OPERATIVE BANK LTD.","MSBX"
"607","MAHARASHTRA STATE CO-OPERATIVE BANK LTD.","MSCI"
"608","THE MANIPUR STATE CO OPERATIVE BANK LTD.","MSCX"
"609","MASHREQ BANK","MSHQ"
"610","THE MEHSANA DISTRICT CENTRAL CO OP BANK LTD.","MSNX"
"611","THE MUNICIPAL CO-OP BANK LTD.","MUBL"
"612","THE MEHMADABAD URBAN PEOPLES CO-OP BANK LTD.","MUPX"
"613","THE MURSHIDABAD DISTRICT CENTRAL CO-OP BANK LTD.","MURX"
"614","THE MUSLIM CO-OPERATIVE BANK LTD.","MUSX"
"615","THE MAHAVEER CO-OPERATIVE BANK LTD.","MVCX"
"616","MANVI PATTANA SOUHARDA SAHAKARI BANK NI","MVIX"
"617","THE MEGHALAYA COOPERATIVE APEX BANK LTD.","MYAX"
"618","MIZORAM URBAN COOPERATIVE DEVELOPMENT BANK LTD.","MZCX"
"619","MIZORAM RURAL BANK","MZRX"
"620","NAGALAND RURAL BANK","NAGX"
"621","NASIK DISTRICT CENTRAL CO-OPERATIVE BANK LTD.","NASX"
"622","THE NAGAUR CENTRAL CO-OPERATIVE BANK LTD.","NAUX"
"623","THE NAVNIRMAN CO-OPERATIVE BANK LTD.","NAVX"
"624","THE NAWANAGAR CO OPERATIVE BANK LTD.","NAWX"
"625","THE NATIONAL CO-OPERATIVE BANK LTD. BANGALORE","NBBX"
"626","THE NATIONAL CO-OPERATIVE BANK LTD.","NCBL"
"627","THE NAWANSHAHR CENTRAL COOPERATIVE BANK LTD.","NCBX"
"628","THE NILAMBUR CO-OPERATIVE URBAN BANK LTD.","NCUX"
"629","NADIA DISTRICT CENTRAL CO OPERATIVE BANK LTD.","NDDX"
"630","NASHIK DISTRICT INDUSTRIAL & MERCANTILE COOP BANK","NDIX"
"631","NAGAR SAHAKARI BANK LTD.MAHARAJGANJ","NGBX"
"632","NAGRIK SAHAKARI BANK MARYADIT GWALIOR","NGKX"
"633","NAGAR SAHKARI BANK LTD.","NGRX"
"634","NAGPUR NAGARIK SAHAKARI BANK LTD.","NGSB"
"635","NAGARIK SAHAKARI BANK MARYADIT DURG","NGSX"
"636","NIDHI CO OPERATIVE BANK LTD.","NIDX"
"637","NILKANTH CO OPERATIVE BANK LTD.","NILX"
"638","NIRMAL URBAN CO OP BANK LTD. NAGPUR","NIRX"
"639","THE NAV JEEVAN CO-OP BANK LTD.","NJCX"
"640","NARMADA JHABUA GRAMIN BANK (Erstwhile Madhya Pradesh Gramin Bank","NJGX"
"641","NASHIK JILLHA MAHILA VIKAS SAHAKARI BANK LTD.","NJMX"
"642","THE NASIK JILHA MAHILA SAHAKARI BANK LTD.","NJSX"
"643","THE NALGONDA DIST. CO-OP. CENTRAL BANK LTD.","NLGX"
"644","THE NASIK MERCHANTS COOPERATIVE BANK LTD.","NMCB"
"645","THE NARODA NAGRIK CO-OPERATIVE BANK LTD.","NNCX"
"646","NUTAN NAGARIK SAHAKARI BANK LTD.","NNSB"
"647","THE BANK OF NOVA SCOTIA","NOSC"
"648","THE NASIK ROAD DEOLALI VYAPARI SAHAKARI BANK LTD.","NRDX"
"649","NAGALAND STATE COOPERATIVE BANK LTD.","NSCX"
"650","NAGRIK SAHAKARI BANK LTD. INDORE","NSIX"
"651","NAGARIK SAMABAY BANK LTD.","NSMX"
"652","NAGRIK SAHAKARI BANK LTD.","NSRX"
"653","THE NAINITAL BANK LIMITED","NTBL"
"654","THE NEW URBAN CO-OPERATIVE BANK LTD. RAMPUR","NUBX"
"655","NAGAR URBAN CO OPERATIVE BANK LTD.","NUCB"
"656","NAVABHARAT CO-OP. URBAN BANK LTD.","NUCX"
"657","NAVANAGARA URBAN CO-OPERATIVE BANK LTD.","NVCX"
"658","NAGAR VIKAS SAHKARI BANK LTD.","NVSX"
"659","ODISHA GRAMYA BANK","ODGB"
"660","DOHA BANK QSC","OIBA"
"661","THE OJHAR MERCHANT'S CO-OP BANK LTD.","OMCX"
"662","OMKAR NAGREEYA SAHKARI BANK LTD.","ONSX"
"663","THE ODISHA STATE CO-OPERATIVE BANK LTD.","ORCB"
"664","OSMANABAD JANATA SAHAKARI BANK LTD.","OSMX"
"665","PALLAVAN GRAMA BANK","PABX"
"666","THE PADRA NAGAR NAGRIK SAHAKARI BANK LTD.","PADX"
"667","THE PANCHMAHAL DISTRICT CO OPERATIVE BANK LTD.","PANX"
"668","THE PARBHANI DISTRICT CENTRAL COOP BANK LTD.","PARX"
"669","PASCHIM BANGA GRAMIN BANK","PASX"
"670","PUDUVAI BHARATHIAR GRAMA BANK","PBGX"
"671","PATAN CO-OPEARTIVE BANK LTD.","PCBL"
"672","PARSHWANATH CO-OPERATIVE BANK LTD.","PCBX"
"673","THE PANCHKULA CENTRAL CO-OPERATIVE BANK LTD.","PCCX"
"674","THE PANCHSHEEL MERCANTILE CO-OP BANK LTD.","PCMX"
"675","OMPRAKASH DEORA PEOPLES CO OP BANK LTD HINGOLI","PCOX"
"676","THE PONDICHERRY STATE CO-OP BANK LTD.","PCSX"
"677","PRIYADARSHANI NAGARI SAHAKARI BANK LTD. JALNA.","PDSX"
"678","THE PANDHARPUR URBAN CO-OP BANK LTD.","PDUX"
"679","PRAGATHI KRISHNA GRAMIN BANK","PGBX"
"680","PROGRESSIVE URBAN CO-OPERATIVE BANK LTD.","PGRX"
"681","THE PALAKKAD DISTRICT CO OP BANK LTD.","PKDX"
"682","THE PIMPALGAON MERCHANTS CO-OP BANK LTD.","PMCX"
"683","PRIME CO-OPERATIVE BANK LTD.","PMEC"
"684","PRAGATI MAHILA NAGRIK SAHAKARI BANK LTD. BHILAI","PMNX"
"685","THE PANIPAT URBAN COOPERATIVE BANK LTD.","PNCX"
"686","PUNE MERCHANT'S CO-OPERATIVE BANK LTD.","PNMX"
"687","POORNAWADI NAGRIK SAHAKARI BANK M.BEED.","PNSX"
"688","PUNE PEOPLE'S CO-OP.BANK LTD. .","PPBX"
"689","THE PACHORA PEOPLES CO-OP. BANK LTD.PACHORA","PPCX"
"690","PRERANA CO-OP BANK LTD.","PREX"
"691","PROGRESSIVE MERCANTILE CO-OPERATIVE BANK LTD.","PROX"
"692","PARASPAR SAHAYAK CO-OP BANK","PRPX"
"693","PRAGATI SAHAKARI BANK LTD.","PSBX"
"694","THE PUNJAB STATE COOPERATIVE BANK LTD.","PSCX"
"695","THE PATIALA CENTRAL COOPERATIVE BANK LTD.","PTCX"
"696","THE PATAN URBAN CO-OP BANK LTD. PATAN","PTNX"
"697","PEOPLES URBAN CO-OPERATIVE BANK LTD.","PUBX"
"698","PUSAD URBAN CO-OP BANK LTD.","PUCX"
"699","PUDUKOTTAI DISTRICT CENTRAL COOPERATIVE BANK LTD.","PUDX"
"700","PUNJAB GRAMIN BANK","PUGX"
"701","PUNE URBAN CO-OPERATIVE BANK LTD.","PUNX"
"702","PURVANCHAL GRAMIN BANK","PURX"
"703","PURASAWALKAM CO-OPERATIVE BANK","PUSX"
"704","PURVANCHAL COOP BANK LTD. GAZIPUR","PVCX"
"705","THE QUILON CO-OPERATIVE URBAN BANK LTD.","QUCX"
"706","RABOBANK INTERNATIONAL","RABO"
"707","RAJKOT COMMERCIAL COOPERATIVE BANK LTD.","RACX"
"708","THE RAILWAY EMPLOYEES COOPERATIVE BANK LTD.","RAEX"
"709","THE RAJSAMAND URBAN CO OP BANK LTD.","RAJX"
"710","RAJKOT PEOPLES COOPERATIVE BANK LTD.","RAKX"
"711","THE RANDER PEOPLES COOP BANK LTD.","RANX"
"712","RAJLAXMI URBAN CO OPERATIVE BANK LTD.","RAUX"
"713","RAJARAMBAPU SAHAKARI BANK LTD. PETH","RBBX"
"714","THE ROPAR CENTRAL COOPERATIVE BANK","RCCX"
"715","THE RAMANATHAPURAM DISTRICT CENTRAL CO OP BANK LTD.","RCDX"
"716","RAIGAD DISTRICT CENTRAL CO-OP BANK LTD.","RDCX"
"717","COL RD NIKAM SAINIK SAHAKARI BANK LTD.","RDNX"
"718","RAJGURUNAGAR SAHAKARI BANK LTD.","RGSX"
"719","RAIGANJ CENTRAL CO OP BANK LTD.","RJCX"
"720","SHRI RAJKOT DISTRICT CO OP BANK LTD.","RJTX"
"721","RANILAXMIBAI URBAN CO-OPERATIVE BANK LTD.","RLUX"
"722","RANGA REDDY COOP URBAN BANK LTD.","RNGX"
"723","RAJKOT NAGARIK SAHAKARI BANK LTD.","RNSB"
"724","RAMRAJYA SAHAKARI BANK LTD.","RRSX"
"725","RAIGAD SAHAKARI BANK LIMITED","RSBX"
"726","THE RAJASTHAN STATE CO-OPERATIVE BANK LTD.","RSCB"
"727","RAJARSHI SHAHU SAHAKARI BANK LTD.","RSSX"
"728","THE RAJASTHAN URBAN COOP BANK LTD.","RUCX"
"729","THE RAIPUR URBAN MERCANTILE CO OP BANK LTD.","RUMX"
"730","RAMPUR ZILA SAHKARI BANK LTD.","RZSX"
"731","SHRI ARIHANT CO-OPERATIVE BANK LTD.","SACB"
"732","THE SABARKANTHA DISTRICT CENTRAL COOP BANK LTD.","SADX"
"733","THE SAHEBRAO DESHMUKH CO-OP. BANK LTD.","SAHE"
"734","SAMATA SAHAKARI BANK LTD.","SAMX"
"735","SARDARGANJ MERCANTILE CO OPERATIVE BANK LTD.","SARX"
"736","THE SAHYADRI SAHAKARI BANK LTD.","SASA"
"737","THE S.A.S NAGAR CENTRAL COOPERATIVE BANK LTD.","SASX"
"738","ADV.SHAMRAOJI SHINDE SATYASHODHAK BANK LTD.","SATX"
"739","THE SAIDAPET CO-OP URBAN BANK LTD.","SAUX"
"740","SARDAR VALLABHBHAI SAHAKARI BANK LTD.","SAVX"
"741","THE SULTAN'S BATTERY CO-OPERATIVE URBAN BANK LTD.","SBCX"
"742","SONALI BANK LIMITED","SBLD"
"743","SHUBHALAKSHMI MAHILA CO OP BANK LTD.","SBLX"
"744","SHREE BHAVNAGAR NAGRIK SAHAKARI BANK LTD.","SBNX"
"745","SARDAR BHILADWALA PARDI PEOPLE'S COOP BANK LTD.","SBPX"
"746","SHREE BALAJI URBAN CO OPERATIVE BANK LTD.","SBUX"
"747","THE SIROHI CENTRAL COOPERATIVE BANK LTD.","SCBX"
"748","THE SOCIAL CO-OPERATIVE BANK LTD.","SCIX"
"749","SHRI CHHANI NAGRIK SAHKARI BANK LTD.","SCNX"
"750","THE SANGRUR CENTRAL CO-OPERATIVE BANK LTD.","SCPX"
"751","SREE CHARAN SOUHARDHA CO-OP BANK LTD.","SCSX"
"752","SUDHA CO-OPERATIVE URBAN BANK LTD.","SCUX"
"753","SINDHUDURG DISTRICT CENTRAL COOPERATIVE BANK LTD.","SDCX"
"754","SOLAPUR SIDDHESHWAR SAHAKARI BANK LTD.","SDHX"
"755","SHRI MAHILA SEWA SAHAKARI BANK LTD.","SEWX"
"756","SANGLI DISTRICT CENTRAL CO-OP BANK LTD.","SGCX"
"757","SANGLI SAHAKARI BANK LTD.","SGLX"
"758","SADGURU NAGRIK SAHAKARI BANK MARYADIT","SGSX"
"759","SHANKAR NAGARI SAHAKARI BANK LTD.","SHAX"
"760","SHINHAN BANK","SHBK"
"761","SHRIRAM URBAN CO-OPERATIVE BANK LTD.","SHBX"
"762","THE SHIMLA URBAN COOP BANK LTD.","SHCX"
"763","SHREE SAMARTH SAHAKARI BANK LTD. NASHIK","SHEX"
"764","SHIVALIK MERCANTILE CO-OP BANK LTD.","SHIX"
"765","SHIKSHAK SAHAKARI BANK LTD.","SHKX"
"766","THE SANGHAMITRA CO OP URBAN BANK LTD.","SHMX"
"767","SIHOR MERCANTILE CO-OPERATIVE BANK LTD.","SHOX"
"768","SHREE MAHESH CO-OPERATIVE BANK LTD. NASHIK","SHRX"
"769","SHARAD SAHAKARI BANK LTD.","SHSX"
"770","SIDDHI CO-OPERATIVE BANK LTD.","SIDX"
"771","SIHOR NAGARIK SAHAKARI BANK LTD.","SIHX"
"772","THE SANKHEDA NAGARIK SAHAKARI BANK LTD.","SKNX"
"773","S S L S A KURUNDWAD URBAN BANK LTD.","SKUX"
"774","SUBHADRA LOCAL AREA BANK LTD.","SLAX"
"775","SHREE LAXMI CO-OPERATIVE BANK LTD. PUNE","SLCX"
"776","SUMITOMO MITSUI BANKING CORPORATION","SMBC"
"777","SHREE MAHALAXMI MERCANTILE COOP BANK LTD. DABHOI","SMMX"
"778","SHREE MAHUVA NAGRIK SAHAKARI BANK LTD.","SMNX"
"779","SHANKARRAO MOHITE PATIL SAHAKRI BANK LTD. AKLUJ","SMPX"
"780","SHRI MAHAVIR URBAN CO-OPERATIVE BANK LTD.","SMUX"
"781","SIR M VISVESVARAYA CO-OPERATIVE BANK LTD.","SMVC"
"782","SREE SUBRAMANYESWARA CO-OPERATIVE BANK LTD.","SMWX"
"783","SARASPUR NAGARIK CO OPERATIVE BANK LTD.","SNAX"
"784","THE SONEPAT URBAN CO-OP.BANK LTD.","SNCX"
"785","THE SARANGPUR CO-OPERATIVE BANK LTD.","SNGX"
"786","SHRAMIK NAGRIK SAHKARI BANK LTD.","SNKX"
"787","THE SONEPAT CENTRAL CO OPERATIVE BANK LTD.","SNPX"
"788","SMRITI NAGRIK SAHAKARI BANK","SNSX"
"789","SOCIETE GENERALE","SOGE"
"790","THE SOLAPUR DISTRICT CENTRAL CO-OP. BANK LTD.","SOLX"
"791","SONBHADRA NAGAR SAHKARI BANK LTD.","SONX"
"792","SAPTAGIRI GRAMEENA BANK","SPBX"
"793","THE SURAT PEOPLE'S CO-OP. BANK LTD.","SPCB"
"794","THE SHIRPUR PEOPLES CO-OP BANK LTD.","SPCX"
"795","SHREE PANCHGANGA NAGARI SAHAKARI BANK LTD.","SPNX"
"796","SANDUR PATTANA SOUHARDA SAHAKARI BANK NIYAMITHA","SPSX"
"797","SHRIPATRAODADA SAHAKARI BANK LTD.","SPTX"
"798","SHREE BHARAT COOP BANK LTD.","SRCX"
"799","SHREE COOP BANK LTD.","SREX"
"800","SHREE DHARATI COOP BANK LTD.","SRHX"
"801","SHARAD NAGARI SAHAKARI BANK LTD.","SRSX"
"802","THE SATARA SHAKARI BANK LTD.","SSBL"
"803","SHIVDAULAT SAHAKARI BANK LTD.","SSBX"
"804","SHREE SHARADA SAHAKARI BANK LTD.","SSHX"
"805","SADHANA SAHAKARI BANK LTD.","SSKX"
"806","SAMARTH SAHAKARI BANK LTD. SOLAPUR","SSOX"
"807","SANT SOPANKAKA SAHAKARI BANK LTD.","SSSX"
"808","SUNDARLAL SAWAJI URBAN CO-OP BANK LTD.","SSWX"
"809","SBM BANK (MAURITIUS) LTD.","STCB"
"810","STATE TRANSPORT CO-OP BANK LTD.","STCX"
"811","SARVA UP GRAMIN BANK","SUBX"
"812","SANGLI URBAN CO-OPERATIVE BANK LTD.","SUCX"
"813","SULAIMANI COOP BANK LTD.","SULX"
"814","THE SURAT MERCANTILE COOP BANK LTD.","SUMX"
"815","SURAT NATIONAL CO-OP. BANK LTD.","SUNB"
"816","SUVARNAYUG SAHAKARI BANK LTD.","SUVX"
"817","SARVODAYA COMMERICAL CO OP BANK LTD.","SVCX"
"818","THE SIVAGANGAI DISTRICT CENTRAL COOP BANK LTD.","SVGX"
"819","THE SARVODAYA SAHAKARI BANK LTD.","SVOX"
"820","SHREE VARDHAMAN SAHAKARI BANK LTD.","SVRX"
"821","SHRI VINAYAK SAHAKARI BANK LTD.","SVSX"
"822","SHREE WARANA SAHAKARI BANK LTD.","SWSX"
"823","THE ANAND MERCANTILE COOPERATIVE BANK LIMITED","TAMX"
"824","THE ANNASAHEB SAVANT CO-OP URBAN BANK MAHAD LTD.","TASX"
"825","THE BAPUNAGAR MAHILA COOP BANK LTD.","TBMX"
"826","THE BIHAR STATE CO OPERATIVE BANK LTD.","TBSX"
"827","THE BARODA TRADERS CO OP BANK LTD.","TBTX"
"828","THE CO-OPERATIVE BANK OF RAJKOT LTD.","TCBX"
"829","THE COMMERCIAL COOPERATIVE BANK LIMITED","TCCX"
"830","THE TAMILNADU CIRCLE POSTAL CO-OP BANK LTD.","TCPX"
"831","TIRUVALLUR CO-OPERATIVE URBAN BANK LIMITED","TCUX"
"832","THE THANE DIST. CENTRAL CO-OP. BANK LTD.","TDCB"
"833","THRISSUR DISTRICT COOPERATIVE BANK LTD.","TDCX"
"834","THE DHANERA MERCANTILE CO OP BANK LTD.","TDMX"
"835","THE THODUPUZHA URBAN COOP BANK LTD.","TDPX"
"836","THE NIZAMABAD DISTRICT CO-OP CENTRAL BANK LTD.","TDSX"
"837","THE TEXTILE CO OPERATIVE BANK OF SURAT LTD.","TESX"
"838","TEXTILE TRADERS CO-OPERATIVE BANK LIMITED","TETX"
"839","TRIPURA GRAMIN BANK","TGBX"
"840","TAMLUK-GHATAL CENTRAL CO-OPERATIVE BANK LTD.","TGCX"
"841","THE GANDHINAGAR NAGRIK COOPERATIVE BANK LTD.","TGNX"
"842","THE GANDHINAGAR URBAN COOP BANK LTD.","TGUX"
"843","THE THOOTHUKUDI DISTRICT CENTRAL COOP BANK LTD.","THOX"
"844","THE THIRUVANNAMALAI DISTRICT CENTRAL COOP BANK LTD.","TIDX"
"845","THE TIRUNELVELI DISTRICT CENTRAL CO-OP BANK LTD.","TIRX"
"846","THANJAVUR CENTRAL CO OP BANK LTD.","TJCX"
"847","THE KAKATIYA COOPERATIVE URBAN BANK LTD.","TKCX"
"848","THE KANNUR DISTRICT CO-OPERATIVE BANK LTD.","TKDX"
"849","THE THIRUVANANTHAPURAM DISTRICT CO-OP BANK LTD.","TNDC"
"850","THE TAMILNADU INDUSTRIAL COOPERATIVE BANK LTD.","TNIX"
"851","TRIPURA STATE COOPERATIVE BANK LTD.","TPSX"
"852","TRANSPORT CO-OPERATIVE BANK LTD.","TRAX"
"853","THE TIRUCHIRAPALLI DIST. CENT COOPERATIVE BANK LTD.","TRDX"
"854","THE SANTRAGACHI CO OPERATIVE BANK LTD.","TSCX"
"855","THE SHORANUR CO OPERATIVE URBAN BANK LTD.","TSNX"
"856","THE SAURASHTRA COOPERATIVE BANK LTD.","TSUX"
"857","THE TARN TARAN CENTRAL COOPERATIVE BANK LTD.","TTCX"
"858","TEXTILE CO-OPERATIVE BANK LTD.","TTLX"
"859","THE TIRUR URBAN COOPERATIVE BANK LTD.","TTUX"
"860","THE TRICHUR URBAN CO-OPERATIVE BANK LTD.","TUBX"
"861","TIRUPATI URBAN CO-OP. BANK LTD.","TUCX"
"862","THE UDAIPUR MAHILA URBAN CO-OP BANK LTD","TUMX"
"863","THE UNION CO-OPERATIVE BANK LTD.","TUNX"
"864","THE TURA URBAN COOP BANK LTD.","TURX"
"865","THE VELLALA CO-OPERATIVE BANK LIMITED","TVBX"
"866","URBAN COOPERATIVE BANK LTD. BASTI","UBBX"
"867","UTTAR BIHAR GRAMIN BANK","UBGX"
"868","URBAN CO-OPERATIVE BANK LTD. BAREILLY","UCBX"
"869","THE UDAIPUR CENTRAL CO-OPERATIVE BANK LTD.","UCCX"
"870","URBAN CO-OPERATIVE BANK LTD. DEHRADUN","UCDX"
"871","UTKAL GRAMEEN BANK","UGBX"
"872","UMA CO OPERATIVE BANK LTD.","UMAX"
"873","THE UMRETH URBAN CO OPERATIVE BANK LTD.","UMCX"
"874","THE UDAIPUR MAHILA SAMRIDHI URBAN CO-OP BANK LTD.","UMSX"
"875","UMIYA URBAN CO OPERATIVE BANK LTD.","UMUX"
"876","THE UNITED CO OPERATIVE BANK LTD.","UNIX"
"877","UNITED MERCANTILE CO OPERATIVE BANK LTD.","UNMX"
"878","THE UNAVA NAGRIK SAHAKARI BANK LTD.","UNSX"
"879","UTTAR PRADESH CO-OPERATIVE BANK LTD.","UPCX"
"880","URBAN CO OPERATIVA BANK LTD. SIDDHARTHNAGAR","URCX"
"881","THE URBAN CO-OPERATIVE BANK LTD. ROURKELA","UROX"
"882","UTTRAKHAND COOPERATIVE BANK LTD.","UTCX"
"883","UTTARAKHAND GRAMIN BANK","UTGX"
"884","UTTARAKHAND STATE COOPERATIVE BANK LTD.","UTKX"
"885","THE UDAIPUR URBAN CO-OP BANK LTD.","UUCX"
"886","VALSAD DISTRICT CENTRAL CO-OP BANK LTD.","VADX"
"887","VYAPARIK AUDHYOGIK SAHAKARI BANK KTD","VASX"
"888","THE VAISH CO OPERATIVE ADARSH BANK LTD.","VCAX"
"889","VISHWAS CO-OP BANK LTD.","VCBX"
"890","THE VAISH CO-OPERATIVE NEW BANK LTD","VCNB"
"891","THE VITA MERCHANTS COOP BANK LTD.","VCOX"
"892","THE VILLUPURAM DISTRICT CENTRAL CO-OP BANK LTD.","VDCX"
"893","VIDYANAND CO-OP. BANK LTD.","VDYX"
"894","THE VERAVAL MERCANTILE CO-OPERATIVE BANK LTD.","VERX"
"895","VANANCHAL GRAMIN BANK erstwhile Jharkhand rajya Gramin Bank","VGBX"
"896","VIJAY COMMERCIAL CO OPERATIVE BANK LTD.","VICX"
"897","VIDYASAGAR CENTRAL CO-OPERATIVE BANK LTD.","VIDX"
"898","VIKRAMADITYA NAGRIK SAHAKARI BANK","VIKX"
"899","THE VIRUDHUNAGAR DISTRICT CENTRAL CO-OP BANK LTD.","VIRX"
"900","THE VISAKHAPATNAM CO-OPERATIVE BANK LTD.","VISX"
"901","VIKAS SAHAKARI BANK LIMITED SOLAPUR","VKSX"
"902","VARDHAMAN (MAHILA) CO-OP. URBAN BANK LTD.","VMCX"
"903","THE VAIJAPUR MERCHANTS COOP BANK LTD.","VMMX"
"904","VIDARBHA MERCHANTS URBAN CO-OP BANK LTD.","VMUX"
"905","VIVEKANAND NAGRIK SAHKARI BANK MYDT","VNSX"
"906","THE VISHWESHWAR SAHAKARI BANK LTD.","VSBL"
"907","VIDYA SAHAKARI BANK LTD.","VSBX"
"908","VIKAS SOUHARDA CO-OPERATIVE BANK LTD.","VSCX"
"909","THE VAIDYANATH URBAN COOP BANK LTD.","VUCX"
"910","THE VALLABH VIDYANAGAR COMMERCIAL BANK LTD.","VVCX"
"911","VASAI VIKAS SAHAKARI BANK LTD.","VVSB"
"912","VYAVSAYAK SAHKARI BANK LTD.","VYAX"
"913","VYAPARI SAHAKARI BANK MARYADIT SOLAPUR","VYPX"
"914","THE WAGHODIA URBAN COOP BANK LTD.","WACX"
"915","THE WAI URBAN CO OP BANK LTD.","WAIX"
"916","THE WARANGAL DISTRICT COOPERATIVE CENTRAL BANK LTD.","WARX"
"917","WARDHAMAN URBAN CO-OPERATIVE BANK LTD. NAGPUR","WAUX"
"918","THE WEST BENGAL STATE CO-OP BANK LTD.","WBSC"
"919","THE WAYANAD DISTRICT CO-OPERATIVE BANK LTD.","WDCX"
"920","VIDHARBHA KOKAN GRAMIN BANK","WKGX"
"921","THE WASHIM URBAN CO-OPERATIVE BANK LTD.","WUCX"
"922","YAVATMAL DISTRICT CENTRAL CO-OPERATIVE BANK LTD.","YADX"
"923","THE YAVATMAL URBAN CO.OP. BANK LTD. YAVATMAL","YAVX"
"924","THE YASHWANT CO-OP BANK LTD.","YCBX"
"925","YADAGIRI LAKSHMI NARSIMHA SWAMY COOP URBAN BANK","YLNX"
"926","ZILA SAHKARI BANK LTD. BULANDSHAHAR","ZBBX"
"927","MATHURA ZILA SAHKARI BANK LTD. MATHURA","ZBSX"
"928","THE ZOROASTRIAN CO-OPERATIVE BANK LTD.","ZCBL"
"929","ZILA SAHKARI BANK LTD.BAREILLY","ZIBX"
"930","ZILA SAHKARI BANK LTD. UNNAO","ZILX"
"931","ZILA SAHKARI BANK LTD. MIRZAPUR","ZIMX"
"932","ZILA SAHKARI BANK LTD. MORADABAD","ZMMX"
"933","ZILA SAHKARI BANK LTD. MAU","ZSAX"
"934","ZILA SAHAKARI BANK LTD. BIJNOR","ZSBX"
"935","ZILA SAHKARI BANK LTD. JHANSI","ZSJX"
"936","ZILA SAHAKARI BANK LTD. LAKHIMPUR KHERI","ZSLX"
"937","ZILA SAHAKARI BANK LTD. MEERUT","ZSMX"
"938","THE DECCAN CO-OPERATIVE URBAN BANK LTD.","DCNX"
"939","THE MAHANAGAR COOPERATIVE URBAN BANK LTD.","TMNX"
"940","THE DAUND URBAN CO-OP BANK LTD.","DUCX"
"941","THE SARVODAYA NAGRIK SAHKARI BANK LTD.","SNBX"
"942","THE SARVODAYA COOP BANK LTD. MUMBAI","SACX"
"943","THE KALOL NAGARIK SAHAKARI BANK LTD.","KNBX"
"944","THE JAMNAGAR MAHILA SAHAKARI BANK LTD.","TJNX"
"945","NASHIK ZILHA SARKARI & PARISHAD KARMACHARI SB NMT","NPKX"
"946","THE VARDHAMAN CO-OP BANK LTD.","VRDX"
"947","RAJARSHI SHAHU GOVT SERVANTS COOPERATIVE BANK KOLH","RSVX"
"948","LAKHIMPUR URBAN COOPERATIVE BANK LTD.","LKHX"
"949","THE KOTTAKKAL COOPERATIVE URBAN BANK LTD.","TKTX"
"950","SUMERPUR MERCANTILE URBAN COOPERATIVE BANK LTD.","SMEX"
"951","THE GANGANAGAR KENDRIYA SAHAKARI BANK LTD.","GKNX"
"952","DHARAMVIR SAMBHAJI URBAN CO-OPERATIVE BANK LTD.","DSUX"
"953","AP JANATA COOPERATIVE URBAN BANK LTD.","APJX"
"954","D.Y.PATIL SAHAKARI BANK LTD. KOLHAPUR","DYPX"
"955","THE NANDURA URBAN COOP BANK LTD. NANDURA","TNUX"
"956","THE WOMEN'S CO-OPERATIVE BANK LTD.","WCBX"
"957","BETUL NAGRIK SAHAKARI BANK MYDT","BNBX"
"958","KUMBHI KASARI SAHKARI BANK LTD. KUDITRE","KKSX"
"959","DHAKURIA CO OP BANK LTD.","DHKX"
"960","SADHANA SAHAKARI BANK LTD. PUNE","SAHX"
"961","LONAVALA SAHAKARI BANK LTD.","LONX"
"962","THE NEELA KRISHNA COOPERATIVE URBAN BANK LTD.","TNKX"
"963","HIMATNAGAR NAGARIK SAHAKARI BANK LTD.","HMNX"
"964","THE AP MAHAJAN'S COOPERATIVE URBAN BANK LTD.","APMX"
"965","THE DARUSSALAM COOPERATIVE URBAN BANK LTD.","DCUX"
"966","VAISHYA SAHAKARI BANK LTD. MUMBAI","VAIX"
"967","SHRIKRISHNA COOPERATIVE BANK LTD. UMRER","SKCX"
"968","SARASWATI SAHAKARI BANK LTD.","SABX"
"969","SRI SUDHA COOPERATIVE BANK LTD.","SDUX"
"970","THE GANDHI COOPERATIVE URBAN BANK LTD.","GNCX"
"971","THE SIND COOPERATIVE URBAN BANK LTD.","SNDX"
"972","THE PRATHAMIK SHIKSHAK SAHAKARI BANK LTD.","PSSX"
"973","RESERVE BANK EMPLOYEES COOPERATIVE BANK LIMITED","RBCX"
"974","AHILYADEVI URBAN COOPERATIVE BANK LIMITED SOLAPUR","AHUX"
"975","THE OTTAPALAM COOPERATIVE URBAN BANK LTD.","TOCX"
"976","THE JALNA PEOPLES COOP BANK LTD. JALNA","JLNX"
"977","THE BHUJ COMMERCIAL CO-OP BANK LTD.","BHCX"
"978","THE MADANAPALLE COOPERATIVE TOWN BANK LTD.","TMAX"
"979","THE BHATKAL URBAN COOPERATIVE BANK LTD.","BHTX"
"980","KUTCH COOPERATIVE BANK LTD.","KCBX"
"981","THE BHAVASARA KSHATRIYA COOPERATIVE BANK LTD.","BKCX"
"982","JUGALKISHOR TAPDIYA SHREE MAHESH UCB AURANGABADLTD.","JTSX"
"983","THE BAGALKOT DISTRICT CENTRAL CO-OPERATIVE BANK","BODX"
"984","THE VERAVAL PEOPLES COOP BANK LTD.","TVPX"
"985","THE HOOGHLY COOPERATIVE CREDIT BANK LTD.","THCX"
"986","ABHINANDAN URBAN COOP BANK AMRAVATI","ABUX"
"987","THE NANDED MERCHANTS COOP BANK LTD. NANDED","TNMX"
"988","KRISHNA SAHAKARI BANK LTD. RETHARE BK","KSBX"
"989","THE MANGALORE COOPERATIVE TOWN BANK LTD.","TMTX"
"990","KOTESHWARA SAHAKARI BANK NIYAMITHA","KSNX"
"991","SRI KANNIKAPARAMESWARI CO-OPERATIVE BANK LIMITED","KNNX"
"992","THE KHEDA PEOPLE'S CO-OPERATIVE BANK LIMITED","KHDX"
"993","THE PANCHKULA URBAN CO-OPERATIVE BANK LMITED","PKBX"
"994","GUJARAT MERCANTILE CO-OPERATIVE BANK LIMITED","GMCX"
"995","NAVI MUMBAI CO-OPERATIVE BANK LIMITED","NMCX"
"996","THE MAHARAJA CO-OPERATIVE URBAN BANK LTD.","MUBX"
"997","SHREE THYAGARAJA CO-OPERATIVE BANK LIMITED","TYCX"
"998","THE RAJ LAXMI MAHILA URBAN COOP BANK LTD. JAIPUR","RHMX"
"999","SHREE BOTAD MERCANTILE COOP BANK LTD.","BOTX"
"1000","THE AMBIKA MAHILA SAHAKARI BANK LTD. AHMEDNAGAR","AMSX"
"1001","LOKNETE DATTAJI PATIL SAHAKARI BANK LTD.","LDPX"
"1002","KESHAV SEHKARI BANK LTD.","KESX"
"1003","AMBAJOGAI PEOPLES COOP BANK LTD.","AJPX"
"1004","PIMPRI CHINCHWAD SAHAKARI BANK MARYADIT,PIMPRI","PCPX"
"1005","BHIND NAGRIK SAHAKARI BANK MYDT","BDNX"
"1006","PUNE CANTONMENT SAHAKARI BANK LTD.","PCTX"
"1007","THE MODASA NAGARIK SAHKARI BANK LTD.","TMSX"
"1008","SHRI GANESH SAHAKARI BANK LTD.","SHGX"
"1009","THE BHANDARA URBAN CO OPERATIVE BANK LTD.","BUBX"
"1010","VEERASHAIVA SAHAKARI BANK LTD.","VSSX"
"1011","THE KRANTHI CO OPERATIVE URBAN BANK LTD.","KRTX"
"1012","SRI BANASHANKARI MAHILA COOPERATIVE BANK LTD.","SBMX"
"1013","PATAN NAGARIK SAHAKARI BANK LTD.","PTSX"
"1014","THE KHAMGAON URBAN COOP BANK LTD.","KHUX"
"1015","THE FAIZ MERCANTILE COOPERATIVE BANK LTD.,NASIK","FMCX"
"1016","PROGRESSIVE CO-OPERATIVE BANK LIMITED","PGCX"
"1017","DAPOLI URBAN CO OP BANK LTD. DAPOLI","DOBX"
"1018","THE NADIAD PEOPLES CO OP BANK LTD.","NPCX"
"1019","SAMPADA SAHAKARI BANK LTD. PUNE","SMBX"
"1020","KHARDAH COOPERATIVE BANK LTD.","KHCX"
"1021","INDORE SWAYAM MAHILA CO OP BANK LTD.","ISMX"
"1022","THE SEVALIA URBAN CO-OP BANK LTD.","SEUX"
"1023","JAIHIND URBAN CO-OP BANK, WAKAD","JAUX"
"1024","VAISHYA NAGARI SAHAKARI BANK LTD. PARBHANI","VANX"
"1025","MAHESH URBAN CO-OPERATIVE BANK LTD. PARBHANI","MCOX"
"1026","VIMA KAMGAR CO OPERATIVE BANK LIMITED","VKCX"
"1027","SHRIMANT MALOJIRAJE SAHAKARI BANK LTD., PHALTAN","SAPX"
"1028","ESAF SMALL FINANCE BANK LIMITED","ESAF"
"1029","MANJERI CO OPERATIVE URBAN BANK LTD.","MAJX"
"1030","AU SMALL FINANCE BANK LTD.","AUBL"
"1031","THE SECUNDERABAD CO OP URBAN BANK LIMITED","SOBX"
"1032","UTKARSH SMALL FINANCE BANK LTD.","UTKS"
"1033","FINCARE SMALL FINANCE BANK LTD","FINF"
"1034","NORTH EAST SMALL FINANCE BANK LTD","NESF"
"1035","DISTRICT CO OP BANK LTD FAIZABAD","FCOX"
"1036","NAGARIK SAHAKARI BANK LTD BHIWANDI","NSBB"
"1037","THE GOKAK URBAN CO OP CREDIT BANK LTD","TGCG"
"1038","THE UNION CO OP BANK LTD MAHINAGAR","TUCL"
"1039","SHRI BHARAT URBAN CO OP BANK LTD JAYSINGPUR","SBUJ"
"1040","SAMRUDDHI CO OP BANK LTD NAGPUR","SCOB"
"1041","THE MYSORE SILK CLOTH MERCHANTS CO OP BANK LTD","TMSC"
"1042","THE NAVAL DOCKYARD CO OP BANK LTD","NDCB"
"1043","ANNASAHEB MAGAR SAHAKARI BANK MARYADIT","AMSB"
"1044","JANA SMALL FINANCE BANK LTD","JSFB"
"1045","MARKETYARD COMMERCIAL CO-OPBANK LIMITED","MKYX"
